Workbook

Sheet ticket
A1: ticket_id | B1: created_at | C1: closed_at | D1: outlet_id | E1: cms_id | F1: same_day | G1: same_hour
A2: isu-sjd-457 | B2: 2021-08-19 16:45:43 | C2: 2021-08-22 12:33:32 | D2: wrqy-juv-978 | E2: vew-iuvd-12 | F2: =IF(INT(B2)=INT(C2),1,0) -> 0 | G2: =IF(OR(B2="",C2=""),0,IF(AND(INT(B2)=INT(C2),HOUR(B2)=HOUR(C2)),1,0)) -> 0
A3: qer-fal-092 | B3: 2021-08-21 11:09:22 | C3: 2021-08-21 17:13:45 | D3: 8woh-k3u-23b | E3: xyu-123ab-45 | F3: =IF(INT(B3)=INT(C3),1,0) -> 1 | G3: =IF(OR(B3="",C3=""),0,IF(AND(INT(B3)=INT(C3),HOUR(B3)=HOUR(C3)),1,0)) -> 0
A4: tkt-001-abc | B4: 2021-08-22 09:30:00 | C4: 2021-08-22 12:30:00 | D4: wrqy-juv-978 | E4: vew-iuvd-34 | F4: =IF(INT(B4)=INT(C4),1,0) -> 1 | G4: =IF(OR(B4="",C4=""),0,IF(AND(INT(B4)=INT(C4),HOUR(B4)=HOUR(C4)),1,0)) -> 0
A5: tkt-002-def | B5: 2021-08-23 10:15:00 | C5: 2021-08-23 15:45:00 | D5: 8woh-k3u-23b | E5: xyu-456cd-78 | F5: =IF(INT(B5)=INT(C5),1,0) -> 1 | G5: =IF(OR(B5="",C5=""),0,IF(AND(INT(B5)=INT(C5),HOUR(B5)=HOUR(C5)),1,0)) -> 0
A6: tkt-003-ghi | B6: 2021-08-24 08:50:00 | C6: 2021-08-24 18:10:00 | D6: wrqy-juv-978 | E6: vew-iuvd-56 | F6: =IF(INT(B6)=INT(C6),1,0) -> 1 | G6: =IF(OR(B5="",C5=""),0,IF(AND(INT(B5)=INT(C5),HOUR(B5)=HOUR(C5)),1,0)) -> 0
A7: tkt-004-jkl | B7: 2021-08-25 14:20:00 | C7: 2021-08-25 16:00:00 | D7: 8woh-k3u-23b | E7: xyu-789ef-90 | F7: =IF(INT(B7)=INT(C7),1,0) -> 1 | G7: =IF(OR(B7="",C7=""),0,IF(AND(INT(B7)=INT(C7),HOUR(B7)=HOUR(C7)),1,0)) -> 0
A8: tkt-005-mno | B8: 2021-08-26 09:00:00 | C8: 2021-08-26 17:30:00 | D8: wrqy-juv-978 | E8: vew-iuvd-78 | F8: =IF(INT(B8)=INT(C8),1,0) -> 1 | G8: =IF(OR(B8="",C8=""),0,IF(AND(INT(B8)=INT(C8),HOUR(B8)=HOUR(C8)),1,0)) -> 0
A9: tkt-006-pqr | B9: 2021-08-27 11:45:00 | C9: 2021-08-27 13:45:00 | D9: 8woh-k3u-23b | E9: xyu-101gh-12 | F9: =IF(INT(B9)=INT(C9),1,0) -> 1 | G9: =IF(OR(B9="",C9=""),0,IF(AND(INT(B9)=INT(C9),HOUR(B9)=HOUR(C9)),1,0)) -> 0
A10: tkt-007-stu | B10: 2021-08-28 07:50:00 | C10: 2021-08-28 10:10:00 | D10: wrqy-juv-978 | E10: vew-iuvd-90 | F10: =IF(INT(B10)=INT(C10),1,0) -> 1 | G10: =IF(OR(B10="",C10=""),0,IF(AND(INT(B10)=INT(C10),HOUR(B10)=HOUR(C10)),1,0)) -> 0
A11: tkt-008-vwx | B11: 2021-08-29 15:30:00 | C11: 2021-08-29 19:45:00 | D11: 8woh-k3u-23b | E11: xyu-131ij-34 | F11: =IF(INT(B11)=INT(C11),1,0) -> 1 | G11: =IF(OR(B11="",C11=""),0,IF(AND(INT(B11)=INT(C11),HOUR(B11)=HOUR(C11)),1,0)) -> 0

Sheet feedbacks
A1: cms_id | B1: feedback_at | C1: feedback_rating | D1: ticket_created_at
A2: vew-iuvd-12 | B2: 2021-08-21 13:26:48 | C2: 3 | D2: =VLOOKUP(A2,CHOOSE({1,2},ticket!E:E,ticket!B:B),2,FALSE) -> 2021-08-19 16:45:43
A3: xyu-123ab-45 | B3: 2021-08-21 18:00:00 | C3: 4 | D3: =VLOOKUP(A3,CHOOSE({1,2},ticket!E:E,ticket!B:B),2,FALSE) -> 2021-08-21 11:09:22
A4: vew-iuvd-34 | B4: 2021-08-22 13:15:00 | C4: 5 | D4: =VLOOKUP(A4,CHOOSE({1,2},ticket!E:E,ticket!B:B),2,FALSE) -> 2021-08-22 09:30:00
A5: xyu-456cd-78 | B5: 2021-08-23 16:00:00 | C5: 2 | D5: =VLOOKUP(A4,CHOOSE({1,2},ticket!E:E,ticket!B:B),2,FALSE) -> 2021-08-22 09:30:00
A6: vew-iuvd-56 | B6: 2021-08-24 19:30:00 | C6: 4 | D6: =VLOOKUP(A5,CHOOSE({1,2},ticket!E:E,ticket!B:B),2,FALSE) -> 2021-08-23 10:15:00
A7: xyu-789ef-90 | B7: 2021-08-25 17:00:00 | C7: 3 | D7: =VLOOKUP(A6,CHOOSE({1,2},ticket!E:E,ticket!B:B),2,FALSE) -> 2021-08-24 08:50:00
A8: vew-iuvd-78 | B8: 2021-08-26 18:15:00 | C8: 5 | D8: =VLOOKUP(A7,CHOOSE({1,2},ticket!E:E,ticket!B:B),2,FALSE) -> 2021-08-25 14:20:00
A9: xyu-101gh-12 | B9: 2021-08-27 14:00:00 | C9: 4 | D9: =VLOOKUP(A8,CHOOSE({1,2},ticket!E:E,ticket!B:B),2,FALSE) -> 2021-08-26 09:00:00
A10: vew-iuvd-90 | B10: 2021-08-28 12:30:00 | C10: 2 | D10: =VLOOKUP(A9,CHOOSE({1,2},ticket!E:E,ticket!B:B),2,FALSE) -> 2021-08-27 11:45:00
A11: xyu-131ij-34 | B11: 2021-08-29 20:00:00 | C11: 5 | D11: =VLOOKUP(A10,CHOOSE({1,2},ticket!E:E,ticket!B:B),2,FALSE) -> 2021-08-28 07:50:00
